DECLARE
  SEQ_MORTGAGE_EVAL_PRICE_ID INTEGER := SEQ_SYS_LOOKUP.Nextval;
  SEQ_DECORATION_SITUATION_ID INTEGER := SEQ_SYS_LOOKUP.Nextval;
  SEQ_SPOT_INFO_USE_SITUATION_ID INTEGER := SEQ_SYS_LOOKUP.Nextval;
  SEQ_SPOT_INFO_ACTUALPURPOSE_ID INTEGER := SEQ_SYS_LOOKUP.Nextval;
  SEQ_SPOT_INFO_USER_TYPE_ID INTEGER := SEQ_SYS_LOOKUP.Nextval;
  SEQ_SPOT_INFO_HOUSE_PATTERN_ID INTEGER := SEQ_SYS_LOOKUP.Nextval;
  SEQ_HOUSE_IN_COUNT_ID INTEGER := SEQ_SYS_LOOKUP.Nextval;
  SEQ_SPOT_INFO_HOUSE_IN_SHOP_ID INTEGER := SEQ_SYS_LOOKUP.Nextval;
  SEQ_INLOAN_INTERVIEW_PLACE_ID INTEGER := SEQ_SYS_LOOKUP.Nextval;
  SEQ_RENT_PAYMENT_WAY_ID INTEGER := SEQ_SYS_LOOKUP.Nextval;
  
BEGIN
  
  insert into sys_lookup (PID, LOOKUP_TYPE, LOOKUP_NAME, LOOKUP_DESC, STATUS, CREATE_DATETIME)
  values (SEQ_MORTGAGE_EVAL_PRICE_ID, 'MORTGAGE_EVAL_PRICE', '评估价', '抵押评估价来源', 1, sysdate);
  
  insert into sys_lookup_val (PID, LOOKUP_ID, LOOKUP_VAL, STATUS, LOOKUP_DESC, CREATE_DATETIME, SHOW_INDEX)
  values (SEQ_SYS_LOOKUP_VAL.Nextval, SEQ_MORTGAGE_EVAL_PRICE_ID, '30', 1, '国策评估价', '', null);
  insert into sys_lookup_val (PID, LOOKUP_ID, LOOKUP_VAL, STATUS, LOOKUP_DESC, CREATE_DATETIME, SHOW_INDEX)
  values (SEQ_SYS_LOOKUP_VAL.Nextval, SEQ_MORTGAGE_EVAL_PRICE_ID, '20', 1, '国策评估价', '', null);
  insert into sys_lookup_val (PID, LOOKUP_ID, LOOKUP_VAL, STATUS, LOOKUP_DESC, CREATE_DATETIME, SHOW_INDEX)
  values (SEQ_SYS_LOOKUP_VAL.Nextval, SEQ_MORTGAGE_EVAL_PRICE_ID, '20', 1, '门店询价评估价', '', null);
  insert into sys_lookup_val (PID, LOOKUP_ID, LOOKUP_VAL, STATUS, LOOKUP_DESC, CREATE_DATETIME, SHOW_INDEX)
  values (SEQ_SYS_LOOKUP_VAL.Nextval, SEQ_MORTGAGE_EVAL_PRICE_ID, '30', 1, '世联评估价', '', null);
  
  
  insert into sys_lookup (PID, LOOKUP_TYPE, LOOKUP_NAME, LOOKUP_DESC, STATUS, CREATE_DATETIME)
  values (SEQ_DECORATION_SITUATION_ID, 'SPOT_INFO_DECORATION_SITUATION', '尽职调查装修情况', '尽职调查装修情况', 1, sysdate);
  
  insert into sys_lookup_val (PID, LOOKUP_ID, LOOKUP_VAL, STATUS, LOOKUP_DESC, CREATE_DATETIME, SHOW_INDEX)
  values (SEQ_SYS_LOOKUP_VAL.Nextval, SEQ_DECORATION_SITUATION_ID, '1', 1, '极好', '', null);
  insert into sys_lookup_val (PID, LOOKUP_ID, LOOKUP_VAL, STATUS, LOOKUP_DESC, CREATE_DATETIME, SHOW_INDEX)
  values (SEQ_SYS_LOOKUP_VAL.Nextval, SEQ_DECORATION_SITUATION_ID, '2', 1, '优秀', '', null);
  insert into sys_lookup_val (PID, LOOKUP_ID, LOOKUP_VAL, STATUS, LOOKUP_DESC, CREATE_DATETIME, SHOW_INDEX)
  values (SEQ_SYS_LOOKUP_VAL.Nextval, SEQ_DECORATION_SITUATION_ID, '3', 1, '良好', '', null);
  insert into sys_lookup_val (PID, LOOKUP_ID, LOOKUP_VAL, STATUS, LOOKUP_DESC, CREATE_DATETIME, SHOW_INDEX)
  values (SEQ_SYS_LOOKUP_VAL.Nextval, SEQ_DECORATION_SITUATION_ID, '4', 1, '不良', '', null);
  insert into sys_lookup_val (PID, LOOKUP_ID, LOOKUP_VAL, STATUS, LOOKUP_DESC, CREATE_DATETIME, SHOW_INDEX)
  values (SEQ_SYS_LOOKUP_VAL.Nextval, SEQ_DECORATION_SITUATION_ID, '5', 1, '较差', '', null);

  
  insert into sys_lookup (PID, LOOKUP_TYPE, LOOKUP_NAME, LOOKUP_DESC, STATUS, CREATE_DATETIME)
  values (SEQ_SPOT_INFO_USE_SITUATION_ID, 'SPOT_INFO_USE_SITUATION', '使用情况', '尽职调查报告-使用情况', 1, sysdate);
  
  insert into sys_lookup_val (PID, LOOKUP_ID, LOOKUP_VAL, STATUS, LOOKUP_DESC, CREATE_DATETIME, SHOW_INDEX)
  values (SEQ_SYS_LOOKUP_VAL.Nextval, SEQ_SPOT_INFO_USE_SITUATION_ID, '1', 1, '自用', '', null);
  insert into sys_lookup_val (PID, LOOKUP_ID, LOOKUP_VAL, STATUS, LOOKUP_DESC, CREATE_DATETIME, SHOW_INDEX)
  values (SEQ_SYS_LOOKUP_VAL.Nextval, SEQ_SPOT_INFO_USE_SITUATION_ID, '2', 1, '出租', '', null);
  insert into sys_lookup_val (PID, LOOKUP_ID, LOOKUP_VAL, STATUS, LOOKUP_DESC, CREATE_DATETIME, SHOW_INDEX)
  values (SEQ_SYS_LOOKUP_VAL.Nextval, SEQ_SPOT_INFO_USE_SITUATION_ID, '3', 1, '空置', '', null);
  insert into sys_lookup_val (PID, LOOKUP_ID, LOOKUP_VAL, STATUS, LOOKUP_DESC, CREATE_DATETIME, SHOW_INDEX)
  values (SEQ_SYS_LOOKUP_VAL.Nextval, SEQ_SPOT_INFO_USE_SITUATION_ID, '4', 1, '亲戚使用', '', null);
  
  
  insert into sys_lookup (PID, LOOKUP_TYPE, LOOKUP_NAME, LOOKUP_DESC, STATUS, CREATE_DATETIME)
  values (SEQ_SPOT_INFO_ACTUALPURPOSE_ID, 'SPOT_INFO_ACTUALPURPOSE', '实际用途', '尽职调查报告-实际用途', 1, sysdate);
  
  insert into sys_lookup_val (PID, LOOKUP_ID, LOOKUP_VAL, STATUS, LOOKUP_DESC, CREATE_DATETIME, SHOW_INDEX)
  values (SEQ_SYS_LOOKUP_VAL.Nextval, SEQ_SPOT_INFO_ACTUALPURPOSE_ID, '1', 1, '居住', '', null);
  insert into sys_lookup_val (PID, LOOKUP_ID, LOOKUP_VAL, STATUS, LOOKUP_DESC, CREATE_DATETIME, SHOW_INDEX)
  values (SEQ_SYS_LOOKUP_VAL.Nextval, SEQ_SPOT_INFO_ACTUALPURPOSE_ID, '2', 1, '办公', '', null);
  insert into sys_lookup_val (PID, LOOKUP_ID, LOOKUP_VAL, STATUS, LOOKUP_DESC, CREATE_DATETIME, SHOW_INDEX)
  values (SEQ_SYS_LOOKUP_VAL.Nextval, SEQ_SPOT_INFO_ACTUALPURPOSE_ID, '3', 1, '商铺', '', null);
  insert into sys_lookup_val (PID, LOOKUP_ID, LOOKUP_VAL, STATUS, LOOKUP_DESC, CREATE_DATETIME, SHOW_INDEX)
  values (SEQ_SYS_LOOKUP_VAL.Nextval, SEQ_SPOT_INFO_ACTUALPURPOSE_ID, '4', 1, '仓库', '', null);
  
  
  insert into sys_lookup (PID, LOOKUP_TYPE, LOOKUP_NAME, LOOKUP_DESC, STATUS, CREATE_DATETIME)
  values (SEQ_SPOT_INFO_USER_TYPE_ID, 'SPOT_INFO_USER_TYPE', '使用人类型', '尽职调查报告-使用人类型', 1, sysdate);
  
  insert into sys_lookup_val (PID, LOOKUP_ID, LOOKUP_VAL, STATUS, LOOKUP_DESC, CREATE_DATETIME, SHOW_INDEX)
  values (SEQ_SYS_LOOKUP_VAL.Nextval, SEQ_SPOT_INFO_USER_TYPE_ID, '1', 1, '居住', '', null); 
  insert into sys_lookup_val (PID, LOOKUP_ID, LOOKUP_VAL, STATUS, LOOKUP_DESC, CREATE_DATETIME, SHOW_INDEX)
  values (SEQ_SYS_LOOKUP_VAL.Nextval, SEQ_SPOT_INFO_USER_TYPE_ID, '2', 1, '办公单位', '', null); 
  insert into sys_lookup_val (PID, LOOKUP_ID, LOOKUP_VAL, STATUS, LOOKUP_DESC, CREATE_DATETIME, SHOW_INDEX)
  values (SEQ_SYS_LOOKUP_VAL.Nextval, SEQ_SPOT_INFO_USER_TYPE_ID, '3', 1, '商铺(经营主体)', '', null); 
  
  
  insert into sys_lookup (PID, LOOKUP_TYPE, LOOKUP_NAME, LOOKUP_DESC, STATUS, CREATE_DATETIME)
  values (SEQ_SPOT_INFO_HOUSE_PATTERN_ID, 'SPOT_INFO_HOUSE_PATTERN', '房产格局', '尽职调查报告-房产格局', 1, sysdate);
  
  insert into sys_lookup_val (PID, LOOKUP_ID, LOOKUP_VAL, STATUS, LOOKUP_DESC, CREATE_DATETIME, SHOW_INDEX)
  values (SEQ_SYS_LOOKUP_VAL.Nextval, SEQ_SPOT_INFO_HOUSE_PATTERN_ID, '1', 1, '住宅', '', null);
  insert into sys_lookup_val (PID, LOOKUP_ID, LOOKUP_VAL, STATUS, LOOKUP_DESC, CREATE_DATETIME, SHOW_INDEX)
  values (SEQ_SYS_LOOKUP_VAL.Nextval, SEQ_SPOT_INFO_HOUSE_PATTERN_ID, '2', 1, '办公', '', null);
  insert into sys_lookup_val (PID, LOOKUP_ID, LOOKUP_VAL, STATUS, LOOKUP_DESC, CREATE_DATETIME, SHOW_INDEX)
  values (SEQ_SYS_LOOKUP_VAL.Nextval, SEQ_SPOT_INFO_HOUSE_PATTERN_ID, '3', 1, '商铺', '', null);
  
  
  
  insert into sys_lookup (PID, LOOKUP_TYPE, LOOKUP_NAME, LOOKUP_DESC, STATUS, CREATE_DATETIME)
  values (SEQ_HOUSE_IN_COUNT_ID, 'SPOT_INFO_HOUSE_IN_COUNT', '房产格局 - 房厅', '房产格局 - 房厅', 1, sysdate);
  
  insert into sys_lookup_val (PID, LOOKUP_ID, LOOKUP_VAL, STATUS, LOOKUP_DESC, CREATE_DATETIME, SHOW_INDEX)
  values (SEQ_SYS_LOOKUP_VAL.Nextval, SEQ_HOUSE_IN_COUNT_ID, '0房0厅0卫', 1, '0房0厅0卫', '', null);
  
  
  insert into sys_lookup (PID, LOOKUP_TYPE, LOOKUP_NAME, LOOKUP_DESC, STATUS, CREATE_DATETIME)
  values (SEQ_SPOT_INFO_HOUSE_IN_SHOP_ID, 'SPOT_INFO_HOUSE_IN_SHOP', '房产格局 - 商铺', '房产格局 - 商铺', 1, sysdate);
  
  insert into sys_lookup_val (PID, LOOKUP_ID, LOOKUP_VAL, STATUS, LOOKUP_DESC, CREATE_DATETIME, SHOW_INDEX)
  values (SEQ_SYS_LOOKUP_VAL.Nextval, SEQ_SPOT_INFO_HOUSE_IN_SHOP_ID, '临街外铺', 1, '临街外铺', '', null);
  insert into sys_lookup_val (PID, LOOKUP_ID, LOOKUP_VAL, STATUS, LOOKUP_DESC, CREATE_DATETIME, SHOW_INDEX)
  values (SEQ_SYS_LOOKUP_VAL.Nextval, SEQ_SPOT_INFO_HOUSE_IN_SHOP_ID, '内铺', 1, '内铺', '', null);
  insert into sys_lookup_val (PID, LOOKUP_ID, LOOKUP_VAL, STATUS, LOOKUP_DESC, CREATE_DATETIME, SHOW_INDEX)
  values (SEQ_SYS_LOOKUP_VAL.Nextval, SEQ_SPOT_INFO_HOUSE_IN_SHOP_ID, '二楼以上内铺', 1, '二楼以上内铺', '', null);
  
  
  
  insert into sys_lookup (PID, LOOKUP_TYPE, LOOKUP_NAME, LOOKUP_DESC, STATUS, CREATE_DATETIME)
  values (SEQ_INLOAN_INTERVIEW_PLACE_ID, 'INLOAN_INTERVIEW_PLACE', '面签地址', '面签地址', 1, sysdate);
  
  insert into sys_lookup_val (PID, LOOKUP_ID, LOOKUP_VAL, STATUS, LOOKUP_DESC, CREATE_DATETIME, SHOW_INDEX)
  values (SEQ_SYS_LOOKUP_VAL.Nextval, SEQ_INLOAN_INTERVIEW_PLACE_ID, '1', 1, '公司', '', null); 
  insert into sys_lookup_val (PID, LOOKUP_ID, LOOKUP_VAL, STATUS, LOOKUP_DESC, CREATE_DATETIME, SHOW_INDEX)
  values (SEQ_SYS_LOOKUP_VAL.Nextval, SEQ_INLOAN_INTERVIEW_PLACE_ID, '2', 1, '资方', '', null); 
  insert into sys_lookup_val (PID, LOOKUP_ID, LOOKUP_VAL, STATUS, LOOKUP_DESC, CREATE_DATETIME, SHOW_INDEX)
  values (SEQ_SYS_LOOKUP_VAL.Nextval, SEQ_INLOAN_INTERVIEW_PLACE_ID, '3', 1, '客户地址', '', null); 
  insert into sys_lookup_val (PID, LOOKUP_ID, LOOKUP_VAL, STATUS, LOOKUP_DESC, CREATE_DATETIME, SHOW_INDEX)
  values (SEQ_SYS_LOOKUP_VAL.Nextval, SEQ_INLOAN_INTERVIEW_PLACE_ID, '4', 1, '其他地点', '', null); 
  
  
  insert into sys_lookup (PID, LOOKUP_TYPE, LOOKUP_NAME, LOOKUP_DESC, STATUS, CREATE_DATETIME)
  values (SEQ_RENT_PAYMENT_WAY_ID, 'SPOT_INFO_RENT_PAYMENT_WAY', '租金缴交方式', '下户租金缴交方式', 1, sysdate);
  
  insert into sys_lookup_val (PID, LOOKUP_ID, LOOKUP_VAL, STATUS, LOOKUP_DESC, CREATE_DATETIME, SHOW_INDEX)
  values (SEQ_SYS_LOOKUP_VAL.Nextval, SEQ_RENT_PAYMENT_WAY_ID, '1', 1, '押一付一', '', null); 
  
	  
END;
/

INSERT INTO SYS_PERMISSION(PID,PERMIS_TYPE,PERMIS_NAME,PERMIS_DESC,PERMIS_CODE,MENU_ID,STATUS) VALUES
  (SEQ_SYS_PERMISSION.NEXTVAL,'CDM','面签领他证','面签领他证','interviewHisPermissions',0,1);
  
INSERT INTO SYS_PERMISSION(PID,PERMIS_TYPE,PERMIS_NAME,PERMIS_DESC,PERMIS_CODE,MENU_ID,STATUS) VALUES
  (SEQ_SYS_PERMISSION.NEXTVAL,'CDM','面签抵押','面签抵押','interviewMortgagePermissions',0,1);
  
INSERT INTO SYS_PERMISSION(PID,PERMIS_TYPE,PERMIS_NAME,PERMIS_DESC,PERMIS_CODE,MENU_ID,STATUS) VALUES
  (SEQ_SYS_PERMISSION.NEXTVAL,'CDM','面签公证','面签公证','interviewNotarizationPermissions',0,1);
  
INSERT INTO SYS_PERMISSION(PID,PERMIS_TYPE,PERMIS_NAME,PERMIS_DESC,PERMIS_CODE,MENU_ID,STATUS) VALUES
  (SEQ_SYS_PERMISSION.NEXTVAL,'CDM','面签指派','面签指派','interviewAsignPermissions',0,1);
  
INSERT INTO SYS_PERMISSION(PID,PERMIS_TYPE,PERMIS_NAME,PERMIS_DESC,PERMIS_CODE,MENU_ID,STATUS) VALUES
  (SEQ_SYS_PERMISSION.NEXTVAL,'CDM','面签面签','面签面签','interviewInterviewPermissions',0,1); 


